Time,value
20130101:0007,0
20130101:0107,0
20130101:0207,0
20130101:0307,0
20130101:0407,0
20130101:0507,18855
20130101:0607,166295
20130101:0707,265750
20130101:0807,345315
20130101:0907,388365
20130101:1007,397245
20130101:1107,382065
20130101:1207,333675
20130101:1307,263755
20130101:1407,168720
20130101:1507,45285
20130101:1607,0
20130101:1707,0
20130101:1807,0
20130101:1907,0
20130101:2007,0
20130101:2107,0
20130101:2207,0
20130101:2307,0
20130102:0007,0
20130102:0107,0
20130102:0207,0
20130102:0307,0
20130102:0407,0
20130102:0507,19155
20130102:0607,163925
20130102:0707,263695
20130102:0807,346515
20130102:0907,391485
20130102:1007,403385
20130102:1107,388075
20130102:1207,338985
20130102:1307,271950
20130102:1407,169840
20130102:1507,49335
20130102:1607,0
20130102:1707,0
20130102:1807,0
20130102:1907,0
20130102:2007,0
20130102:2107,0
20130102:2207,0
20130102:2307,0
20130103:0007,0
20130103:0107,0
20130103:0207,0
20130103:0307,0
20130103:0407,0
20130103:0507,18285
20130103:0607,165640
20130103:0707,264285
20130103:0807,344425
20130103:0907,388710
20130103:1007,400570
20130103:1107,382885
20130103:1207,339135
20130103:1307,266975
20130103:1407,174275
20130103:1507,49790
20130103:1607,0
20130103:1707,0
20130103:1807,0
20130103:1907,0
20130103:2007,0
20130103:2107,0
20130103:2207,0
20130103:2307,0
20130104:0007,0
20130104:0107,0
20130104:0207,0
20130104:0307,0
20130104:0407,0
20130104:0507,19060
20130104:0607,168300
20130104:0707,272140
20130104:0807,353350
20130104:0907,395570
20130104:1007,408120
20130104:1107,395610
20130104:1207,351710
20130104:1307,280645
20130104:1407,181900
20130104:1507,57500
20130104:1607,0
20130104:1707,0
20130104:1807,0
20130104:1907,0
20130104:2007,0
20130104:2107,0
20130104:2207,0
20130104:2307,0
20130105:0007,0
20130105:0107,0
20130105:0207,0
20130105:0307,0
20130105:0407,0
20130105:0507,17500
20130105:0607,168980
20130105:0707,267210
20130105:0807,348970
20130105:0907,392785
20130105:1007,404690
20130105:1107,390015
20130105:1207,344890
20130105:1307,275425
20130105:1407,179200
20130105:1507,61455
20130105:1607,0
20130105:1707,0
20130105:1807,0
20130105:1907,0
20130105:2007,0
20130105:2107,0
20130105:2207,0
20130105:2307,0
20130106:0007,0
20130106:0107,0
20130106:0207,0
20130106:0307,0
20130106:0407,0
20130106:0507,17555
20130106:0607,170535
20130106:0707,273890
20130106:0807,357800
20130106:0907,405325
20130106:1007,420170
20130106:1107,413290
20130106:1207,368735
20130106:1307,298630
20130106:1407,198405
20130106:1507,71715
20130106:1607,0
20130106:1707,0
20130106:1807,0
20130106:1907,0
20130106:2007,0
20130106:2107,0
20130106:2207,0
20130106:2307,0
20130107:0007,0
20130107:0107,0
20130107:0207,0
20130107:0307,0
20130107:0407,0
20130107:0507,16430
20130107:0607,166840
20130107:0707,276165
20130107:0807,366685
20130107:0907,416860
20130107:1007,430400
20130107:1107,420230
20130107:1207,375175
20130107:1307,303325
20130107:1407,202365
20130107:1507,71515
20130107:1607,0
20130107:1707,0
20130107:1807,0
20130107:1907,0
20130107:2007,0
20130107:2107,0
20130107:2207,0
20130107:2307,0
20130108:0007,0
20130108:0107,0
20130108:0207,0
20130108:0307,0
20130108:0407,0
20130108:0507,17285
20130108:0607,173335
20130108:0707,279925
20130108:0807,364170
20130108:0907,413380
20130108:1007,427010
20130108:1107,417085
20130108:1207,375815
20130108:1307,304290
20130108:1407,202300
20130108:1507,69795
20130108:1607,0
20130108:1707,0
20130108:1807,0
20130108:1907,0
20130108:2007,0
20130108:2107,0
20130108:2207,0
20130108:2307,0
20130109:0007,0
20130109:0107,0
20130109:0207,0
20130109:0307,0
20130109:0407,0
20130109:0507,14135
20130109:0607,173180
20130109:0707,275525
20130109:0807,360140
20130109:0907,413035
20130109:1007,424820
20130109:1107,410895
20130109:1207,373510
20130109:1307,309175
20130109:1407,196200
20130109:1507,76370
20130109:1607,0
20130109:1707,0
20130109:1807,0
20130109:1907,0
20130109:2007,0
20130109:2107,0
20130109:2207,0
20130109:2307,0
20130110:0007,0
20130110:0107,0
20130110:0207,0
20130110:0307,0
20130110:0407,0
20130110:0507,14565
20130110:0607,173470
20130110:0707,276410
20130110:0807,366955
20130110:0907,416225
20130110:1007,431085
20130110:1107,419570
20130110:1207,374745
20130110:1307,302755
20130110:1407,201215
20130110:1507,73130
20130110:1607,0
20130110:1707,0
20130110:1807,0
20130110:1907,0
20130110:2007,0
20130110:2107,0
20130110:2207,0
20130110:2307,0
20130111:0007,0
20130111:0107,0
20130111:0207,0
20130111:0307,0
20130111:0407,0
20130111:0507,42900
20130111:0607,174350
20130111:0707,278995
20130111:0807,368305
20130111:0907,417520
20130111:1007,431850
20130111:1107,412075
20130111:1207,369920
20130111:1307,298325
20130111:1407,195280
20130111:1507,69945
20130111:1607,0
20130111:1707,0
20130111:1807,0
20130111:1907,0
20130111:2007,0
20130111:2107,0
20130111:2207,0
20130111:2307,0
20130112:0007,0
20130112:0107,0
20130112:0207,0
20130112:0307,0
20130112:0407,0
20130112:0507,15765
20130112:0607,166770
20130112:0707,268465
20130112:0807,354530
20130112:0907,401415
20130112:1007,414700
20130112:1107,400730
20130112:1207,357390
20130112:1307,286870
20130112:1407,189205
20130112:1507,65235
20130112:1607,0
20130112:1707,0
20130112:1807,0
20130112:1907,0
20130112:2007,0
20130112:2107,0
20130112:2207,0
20130112:2307,0
20130113:0007,0
20130113:0107,0
20130113:0207,0
20130113:0307,0
20130113:0407,0
20130113:0507,39470
20130113:0607,166510
20130113:0707,269965
20130113:0807,326045
20130113:0907,398670
20130113:1007,410730
20130113:1107,395630
20130113:1207,348905
20130113:1307,281775
20130113:1407,204920
20130113:1507,61840
20130113:1607,0
20130113:1707,0
20130113:1807,0
20130113:1907,0
20130113:2007,0
20130113:2107,0
20130113:2207,0
20130113:2307,0
20130114:0007,0
20130114:0107,0
20130114:0207,0
20130114:0307,0
20130114:0407,0
20130114:0507,13610
20130114:0607,165555
20130114:0707,266500
20130114:0807,347885
20130114:0907,395140
20130114:1007,409305
20130114:1107,393585
20130114:1207,351485
20130114:1307,277890
20130114:1407,181165
20130114:1507,62600
20130114:1607,0
20130114:1707,0
20130114:1807,0
20130114:1907,0
20130114:2007,0
20130114:2107,0
20130114:2207,0
20130114:2307,0
20130115:0007,0
20130115:0107,0
20130115:0207,0
20130115:0307,0
20130115:0407,0
20130115:0507,19425
20130115:0607,175685
20130115:0707,264530
20130115:0807,350000
20130115:0907,389875
20130115:1007,403385
20130115:1107,387665
20130115:1207,346190
20130115:1307,273925
20130115:1407,177885
20130115:1507,57490
20130115:1607,0
20130115:1707,0
20130115:1807,0
20130115:1907,0
20130115:2007,0
20130115:2107,0
20130115:2207,0
20130115:2307,0
20130116:0007,0
20130116:0107,0
20130116:0207,0
20130116:0307,0
20130116:0407,0
20130116:0507,14965
20130116:0607,159285
20130116:0707,258265
20130116:0807,338745
20130116:0907,386025
20130116:1007,396850
20130116:1107,383855
20130116:1207,340820
20130116:1307,272225
20130116:1407,177370
20130116:1507,60255
20130116:1607,0
20130116:1707,0
20130116:1807,0
20130116:1907,0
20130116:2007,0
20130116:2107,0
20130116:2207,0
20130116:2307,0
20130117:0007,0
20130117:0107,0
20130117:0207,0
20130117:0307,0
20130117:0407,0
20130117:0507,14065
20130117:0607,152190
20130117:0707,253335
20130117:0807,335285
20130117:0907,380165
20130117:1007,394265
20130117:1107,384455
20130117:1207,344490
20130117:1307,276335
20130117:1407,182820
20130117:1507,63600
20130117:1607,0
20130117:1707,0
20130117:1807,0
20130117:1907,0
20130117:2007,0
20130117:2107,0
20130117:2207,0
20130117:2307,0
20130118:0007,0
20130118:0107,0
20130118:0207,0
20130118:0307,0
20130118:0407,0
20130118:0507,13615
20130118:0607,154095
20130118:0707,253945
20130118:0807,332975
20130118:0907,376350
20130118:1007,390465
20130118:1107,378695
20130118:1207,337800
20130118:1307,273375
20130118:1407,179760
20130118:1507,68085
20130118:1607,0
20130118:1707,0
20130118:1807,0
20130118:1907,0
20130118:2007,0
20130118:2107,0
20130118:2207,0
20130118:2307,0
20130119:0007,0
20130119:0107,0
20130119:0207,0
20130119:0307,0
20130119:0407,0
20130119:0507,11395
20130119:0607,142400
20130119:0707,254985
20130119:0807,334500
20130119:0907,380520
20130119:1007,394425
20130119:1107,384870
20130119:1207,345235
20130119:1307,281835
20130119:1407,189505
20130119:1507,71630
20130119:1607,0
20130119:1707,0
20130119:1807,0
20130119:1907,0
20130119:2007,0
20130119:2107,0
20130119:2207,0
20130119:2307,0
20130120:0007,0
20130120:0107,0
20130120:0207,0
20130120:0307,0
20130120:0407,0
20130120:0507,14475
20130120:0607,157870
20130120:0707,255860
20130120:0807,326530
20130120:0907,371970
20130120:1007,393390
20130120:1107,379780
20130120:1207,355930
20130120:1307,274270
20130120:1407,185715
20130120:1507,65690
20130120:1607,0
20130120:1707,0
20130120:1807,0
20130120:1907,0
20130120:2007,0
20130120:2107,0
20130120:2207,0
20130120:2307,0
20130121:0007,0
20130121:0107,0
20130121:0207,0
20130121:0307,0
20130121:0407,0
20130121:0507,9765
20130121:0607,148915
20130121:0707,274105
20130121:0807,18820
20130121:0907,374705
20130121:1007,378845
20130121:1107,379685
20130121:1207,346195
20130121:1307,282870
20130121:1407,189765
20130121:1507,76690
20130121:1607,0
20130121:1707,0
20130121:1807,0
20130121:1907,0
20130121:2007,0
20130121:2107,0
20130121:2207,0
20130121:2307,0
20130122:0007,0
20130122:0107,0
20130122:0207,0
20130122:0307,0
20130122:0407,0
20130122:0507,13920
20130122:0607,152680
20130122:0707,248180
20130122:0807,325985
20130122:0907,369405
20130122:1007,384905
20130122:1107,384625
20130122:1207,340635
20130122:1307,277860
20130122:1407,153225
20130122:1507,58220
20130122:1607,0
20130122:1707,0
20130122:1807,0
20130122:1907,0
20130122:2007,0
20130122:2107,0
20130122:2207,0
20130122:2307,0
20130123:0007,0
20130123:0107,0
20130123:0207,0
20130123:0307,0
20130123:0407,0
20130123:0507,14900
20130123:0607,150435
20130123:0707,251580
20130123:0807,333080
20130123:0907,377785
20130123:1007,397435
20130123:1107,406450
20130123:1207,368250
20130123:1307,296385
20130123:1407,200915
20130123:1507,80095
20130123:1607,0
20130123:1707,0
20130123:1807,0
20130123:1907,0
20130123:2007,0
20130123:2107,0
20130123:2207,0
20130123:2307,0
20130124:0007,0
20130124:0107,0
20130124:0207,0
20130124:0307,0
20130124:0407,0
20130124:0507,15945
20130124:0607,160770
20130124:0707,258820
20130124:0807,343460
20130124:0907,390305
20130124:1007,404440
20130124:1107,396075
20130124:1207,358875
20130124:1307,296970
20130124:1407,201675
20130124:1507,79800
20130124:1607,0
20130124:1707,0
20130124:1807,0
20130124:1907,0
20130124:2007,0
20130124:2107,0
20130124:2207,0
20130124:2307,0
20130125:0007,0
20130125:0107,0
20130125:0207,0
20130125:0307,0
20130125:0407,0
20130125:0507,14260
20130125:0607,152065
20130125:0707,249780
20130125:0807,329905
20130125:0907,371495
20130125:1007,384185
20130125:1107,371875
20130125:1207,337475
20130125:1307,272720
20130125:1407,203150
20130125:1507,67665
20130125:1607,0
20130125:1707,0
20130125:1807,0
20130125:1907,0
20130125:2007,0
20130125:2107,0
20130125:2207,0
20130125:2307,0
20130126:0007,0
20130126:0107,0
20130126:0207,0
20130126:0307,0
20130126:0407,0
20130126:0507,8090
20130126:0607,164770
20130126:0707,250360
20130126:0807,328680
20130126:0907,373155
20130126:1007,387245
20130126:1107,376915
20130126:1207,342590
20130126:1307,282810
20130126:1407,198120
20130126:1507,81720
20130126:1607,0
20130126:1707,0
20130126:1807,0
20130126:1907,0
20130126:2007,0
20130126:2107,0
20130126:2207,0
20130126:2307,0
20130127:0007,0
20130127:0107,0
20130127:0207,0
20130127:0307,0
20130127:0407,0
20130127:0507,13420
20130127:0607,155855
20130127:0707,251125
20130127:0807,327970
20130127:0907,374225
20130127:1007,387905
20130127:1107,378855
20130127:1207,342940
20130127:1307,288285
20130127:1407,199230
20130127:1507,82635
20130127:1607,0
20130127:1707,0
20130127:1807,0
20130127:1907,0
20130127:2007,0
20130127:2107,0
20130127:2207,0
20130127:2307,0
20130128:0007,0
20130128:0107,0
20130128:0207,0
20130128:0307,0
20130128:0407,0
20130128:0507,15075
20130128:0607,153700
20130128:0707,252245
20130128:0807,323785
20130128:0907,360375
20130128:1007,406540
20130128:1107,246160
20130128:1207,314105
20130128:1307,261485
20130128:1407,195230
20130128:1507,42835
20130128:1607,0
20130128:1707,0
20130128:1807,0
20130128:1907,0
20130128:2007,0
20130128:2107,0
20130128:2207,0
20130128:2307,0
20130129:0007,0
20130129:0107,0
20130129:0207,0
20130129:0307,0
20130129:0407,0
20130129:0507,12865
20130129:0607,112700
20130129:0707,199330
20130129:0807,290115
20130129:0907,353045
20130129:1007,378350
20130129:1107,380040
20130129:1207,350380
20130129:1307,286490
20130129:1407,198630
20130129:1507,91480
20130129:1607,0
20130129:1707,0
20130129:1807,0
20130129:1907,0
20130129:2007,0
20130129:2107,0
20130129:2207,0
20130129:2307,0
20130130:0007,0
20130130:0107,0
20130130:0207,0
20130130:0307,0
20130130:0407,0
20130130:0507,13280
20130130:0607,143795
20130130:0707,247690
20130130:0807,339280
20130130:0907,390290
20130130:1007,410950
20130130:1107,404465
20130130:1207,367200
20130130:1307,306145
20130130:1407,214500
20130130:1507,95035
20130130:1607,0
20130130:1707,0
20130130:1807,0
20130130:1907,0
20130130:2007,0
20130130:2107,0
20130130:2207,0
20130130:2307,0
20130131:0007,0
20130131:0107,0
20130131:0207,0
20130131:0307,0
20130131:0407,0
20130131:0507,13050
20130131:0607,145350
20130131:0707,256680
20130131:0807,349740
20130131:0907,403885
20130131:1007,426360
20130131:1107,417980
20130131:1207,381445
20130131:1307,317380
20130131:1407,220360
20130131:1507,92100
20130131:1607,0
20130131:1707,0
20130131:1807,0
20130131:1907,0
20130131:2007,0
20130131:2107,0
20130131:2207,0
20130131:2307,0
20130201:0007,0
20130201:0107,0
20130201:0207,0
20130201:0307,0
20130201:0407,0
20130201:0507,35605
20130201:0607,145665
20130201:0707,273505
20130201:0807,357355
20130201:0907,402955
20130201:1007,426105
20130201:1107,415620
20130201:1207,386010
20130201:1307,314285
20130201:1407,213850
20130201:1507,93695
20130201:1607,0
20130201:1707,0
20130201:1807,0
20130201:1907,0
20130201:2007,0
20130201:2107,0
20130201:2207,0
20130201:2307,0
20130202:0007,0
20130202:0107,0
20130202:0207,0
20130202:0307,0
20130202:0407,0
20130202:0507,35970
20130202:0607,162885
20130202:0707,277230
20130202:0807,359875
20130202:0907,410905
20130202:1007,430760
20130202:1107,418925
20130202:1207,381250
20130202:1307,312490
20130202:1407,214305
20130202:1507,90015
20130202:1607,0
20130202:1707,0
20130202:1807,0
20130202:1907,0
20130202:2007,0
20130202:2107,0
20130202:2207,0
20130202:2307,0
20130203:0007,0
20130203:0107,0
20130203:0207,0
20130203:0307,0
20130203:0407,0
20130203:0507,32525
20130203:0607,156985
20130203:0707,271290
20130203:0807,350735
20130203:0907,400965
20130203:1007,419980
20130203:1107,408545
20130203:1207,370160
20130203:1307,303645
20130203:1407,207365
20130203:1507,90155
20130203:1607,0
20130203:1707,0
20130203:1807,0
20130203:1907,0
20130203:2007,0
20130203:2107,0
20130203:2207,0
20130203:2307,0
20130204:0007,0
20130204:0107,0
20130204:0207,0
20130204:0307,0
20130204:0407,0
20130204:0507,33865
20130204:0607,157690
20130204:0707,267140
20130204:0807,345595
20130204:0907,390245
20130204:1007,406085
20130204:1107,399520
20130204:1207,362725
20130204:1307,297290
20130204:1407,200425
20130204:1507,86840
20130204:1607,0
20130204:1707,0
20130204:1807,0
20130204:1907,0
20130204:2007,0
20130204:2107,0
20130204:2207,0
20130204:2307,0
20130205:0007,0
20130205:0107,0
20130205:0207,0
20130205:0307,0
20130205:0407,0
20130205:0507,32585
20130205:0607,155220
20130205:0707,263710
20130205:0807,337925
20130205:0907,385275
20130205:1007,405315
20130205:1107,397215
20130205:1207,363685
20130205:1307,300935
20130205:1407,210865
20130205:1507,92200
20130205:1607,0
20130205:1707,0
20130205:1807,0
20130205:1907,0
20130205:2007,0
20130205:2107,0
20130205:2207,0
20130205:2307,0
20130206:0007,0
20130206:0107,0
20130206:0207,0
20130206:0307,0
20130206:0407,0
20130206:0507,33150
20130206:0607,150930
20130206:0707,252455
20130206:0807,324605
20130206:0907,369030
20130206:1007,394590
20130206:1107,395895
20130206:1207,369430
20130206:1307,306200
20130206:1407,207275
20130206:1507,93045
20130206:1607,0
20130206:1707,0
20130206:1807,0
20130206:1907,0
20130206:2007,0
20130206:2107,0
20130206:2207,0
20130206:2307,0
20130207:0007,0
20130207:0107,0
20130207:0207,0
20130207:0307,0
20130207:0407,0
20130207:0507,30280
20130207:0607,149560
20130207:0707,263405
20130207:0807,347710
20130207:0907,401895
20130207:1007,421905
20130207:1107,413900
20130207:1207,378080
20130207:1307,312900
20130207:1407,216620
20130207:1507,94795
20130207:1607,0
20130207:1707,0
20130207:1807,0
20130207:1907,0
20130207:2007,0
20130207:2107,0
20130207:2207,0
20130207:2307,0
20130208:0007,0
20130208:0107,0
20130208:0207,0
20130208:0307,0
20130208:0407,0
20130208:0507,32330
20130208:0607,156585
20130208:0707,265440
20130208:0807,345200
20130208:0907,391925
20130208:1007,409655
20130208:1107,398525
20130208:1207,363685
20130208:1307,300755
20130208:1407,209195
20130208:1507,92705
20130208:1607,0
20130208:1707,0
20130208:1807,0
20130208:1907,0
20130208:2007,0
20130208:2107,0
20130208:2207,0
20130208:2307,0
20130209:0007,0
20130209:0107,0
20130209:0207,0
20130209:0307,0
20130209:0407,0
20130209:0507,34990
20130209:0607,156640
20130209:0707,268380
20130209:0807,348490
20130209:0907,397640
20130209:1007,419695
20130209:1107,411045
20130209:1207,373190
20130209:1307,306035
20130209:1407,211845
20130209:1507,91740
20130209:1607,0
20130209:1707,0
20130209:1807,0
20130209:1907,0
20130209:2007,0
20130209:2107,0
20130209:2207,0
20130209:2307,0
20130210:0007,0
20130210:0107,0
20130210:0207,0
20130210:0307,0
20130210:0407,0
20130210:0507,33310
20130210:0607,155860
20130210:0707,263255
20130210:0807,341910
20130210:0907,386860
20130210:1007,405660
20130210:1107,395480
20130210:1207,354690
20130210:1307,287965
20130210:1407,197460
20130210:1507,84795
20130210:1607,0
20130210:1707,0
20130210:1807,0
20130210:1907,0
20130210:2007,0
20130210:2107,0
20130210:2207,0
20130210:2307,0
20130211:0007,0
20130211:0107,0
20130211:0207,0
20130211:0307,0
20130211:0407,0
20130211:0507,36680
20130211:0607,153915
20130211:0707,262245
20130211:0807,336855
20130211:0907,385160
20130211:1007,402170
20130211:1107,390225
20130211:1207,345285
20130211:1307,287380
20130211:1407,193680
20130211:1507,83400
20130211:1607,0
20130211:1707,0
20130211:1807,0
20130211:1907,0
20130211:2007,0
20130211:2107,0
20130211:2207,0
20130211:2307,0
20130212:0007,0
20130212:0107,0
20130212:0207,0
20130212:0307,0
20130212:0407,0
20130212:0507,35680
20130212:0607,158450
20130212:0707,264310
20130212:0807,344485
20130212:0907,393955
20130212:1007,410745
20130212:1107,399760
20130212:1207,358145
20130212:1307,292615
20130212:1407,202005
20130212:1507,81410
20130212:1607,0
20130212:1707,0
20130212:1807,0
20130212:1907,0
20130212:2007,0
20130212:2107,0
20130212:2207,0
20130212:2307,0
20130213:0007,0
20130213:0107,0
20130213:0207,0
20130213:0307,0
20130213:0407,0
20130213:0507,37645
20130213:0607,157355
20130213:0707,267160
20130213:0807,344530
20130213:0907,392895
20130213:1007,414875
20130213:1107,402450
20130213:1207,363555
20130213:1307,299365
20130213:1407,208760
20130213:1507,92125
20130213:1607,0
20130213:1707,0
20130213:1807,0
20130213:1907,0
20130213:2007,0
20130213:2107,0
20130213:2207,0
20130213:2307,0
20130214:0007,0
20130214:0107,0
20130214:0207,0
20130214:0307,0
20130214:0407,0
20130214:0507,38180
20130214:0607,167575
20130214:0707,268595
20130214:0807,346270
20130214:0907,392775
20130214:1007,408040
20130214:1107,400855
20130214:1207,361330
20130214:1307,298440
20130214:1407,211705
20130214:1507,97190
20130214:1607,0
20130214:1707,0
20130214:1807,0
20130214:1907,0
20130214:2007,0
20130214:2107,0
20130214:2207,0
20130214:2307,0
20130215:0007,0
20130215:0107,0
20130215:0207,0
20130215:0307,0
20130215:0407,0
20130215:0507,36615
20130215:0607,160480
20130215:0707,269440
20130215:0807,349100
20130215:0907,400090
20130215:1007,416045
20130215:1107,406595
20130215:1207,365985
20130215:1307,301455
20130215:1407,210510
20130215:1507,93235
20130215:1607,0
20130215:1707,0
20130215:1807,0
20130215:1907,0
20130215:2007,0
20130215:2107,0
20130215:2207,0
20130215:2307,0
20130216:0007,0
20130216:0107,0
20130216:0207,0
20130216:0307,0
20130216:0407,0
20130216:0507,34410
20130216:0607,156205
20130216:0707,268565
20130216:0807,350005
20130216:0907,402965
20130216:1007,420365
20130216:1107,409840
20130216:1207,367180
20130216:1307,302085
20130216:1407,208855
20130216:1507,90940
20130216:1607,0
20130216:1707,0
20130216:1807,0
20130216:1907,0
20130216:2007,0
20130216:2107,0
20130216:2207,0
20130216:2307,0
20130217:0007,0
20130217:0107,0
20130217:0207,0
20130217:0307,0
20130217:0407,0
20130217:0507,34580
20130217:0607,162780
20130217:0707,270895
20130217:0807,347860
20130217:0907,399620
20130217:1007,416305
20130217:1107,407640
20130217:1207,367405
20130217:1307,300795
20130217:1407,207360
20130217:1507,93685
20130217:1607,0
20130217:1707,0
20130217:1807,0
20130217:1907,0
20130217:2007,0
20130217:2107,0
20130217:2207,0
20130217:2307,0
20130218:0007,0
20130218:0107,0
20130218:0207,0
20130218:0307,0
20130218:0407,0
20130218:0507,39140
20130218:0607,166030
20130218:0707,271530
20130218:0807,349375
20130218:0907,395910
20130218:1007,414795
20130218:1107,404125
20130218:1207,367035
20130218:1307,293365
20130218:1407,214875
20130218:1507,99010
20130218:1607,0
20130218:1707,0
20130218:1807,0
20130218:1907,0
20130218:2007,0
20130218:2107,0
20130218:2207,0
20130218:2307,0
20130219:0007,0
20130219:0107,0
20130219:0207,0
20130219:0307,0
20130219:0407,0
20130219:0507,32925
20130219:0607,152505
20130219:0707,252705
20130219:0807,354045
20130219:0907,405315
20130219:1007,425305
20130219:1107,412175
20130219:1207,376575
20130219:1307,311660
20130219:1407,203480
20130219:1507,86450
20130219:1607,0
20130219:1707,0
20130219:1807,0
20130219:1907,0
20130219:2007,0
20130219:2107,0
20130219:2207,0
20130219:2307,0
20130220:0007,0
20130220:0107,0
20130220:0207,0
20130220:0307,0
20130220:0407,0
20130220:0507,41270
20130220:0607,167335
20130220:0707,275360
20130220:0807,361640
20130220:0907,406485
20130220:1007,425485
20130220:1107,414345
20130220:1207,371625
20130220:1307,303935
20130220:1407,210750
20130220:1507,101895
20130220:1607,0
20130220:1707,0
20130220:1807,0
20130220:1907,0
20130220:2007,0
20130220:2107,0
20130220:2207,0
20130220:2307,0
20130221:0007,0
20130221:0107,0
20130221:0207,0
20130221:0307,0
20130221:0407,0
20130221:0507,40615
20130221:0607,162870
20130221:0707,272035
20130221:0807,349315
20130221:0907,394880
20130221:1007,410035
20130221:1107,395620
20130221:1207,351975
20130221:1307,288385
20130221:1407,200380
20130221:1507,88955
20130221:1607,0
20130221:1707,0
20130221:1807,0
20130221:1907,0
20130221:2007,0
20130221:2107,0
20130221:2207,0
20130221:2307,0
20130222:0007,0
20130222:0107,0
20130222:0207,0
20130222:0307,0
20130222:0407,0
20130222:0507,40925
20130222:0607,161915
20130222:0707,265805
20130222:0807,338605
20130222:0907,382840
20130222:1007,396035
20130222:1107,388425
20130222:1207,347675
20130222:1307,284820
20130222:1407,200210
20130222:1507,88700
20130222:1607,0
20130222:1707,0
20130222:1807,0
20130222:1907,0
20130222:2007,0
20130222:2107,0
20130222:2207,0
20130222:2307,0
20130223:0007,0
20130223:0107,0
20130223:0207,0
20130223:0307,0
20130223:0407,0
20130223:0507,40415
20130223:0607,163855
20130223:0707,272285
20130223:0807,353385
20130223:0907,401630
20130223:1007,420050
20130223:1107,410310
20130223:1207,370745
20130223:1307,304960
20130223:1407,213970
20130223:1507,95750
20130223:1607,0
20130223:1707,0
20130223:1807,0
20130223:1907,0
20130223:2007,0
20130223:2107,0
20130223:2207,0
20130223:2307,0
20130224:0007,0
20130224:0107,0
20130224:0207,0
20130224:0307,0
20130224:0407,0
20130224:0507,35245
20130224:0607,153820
20130224:0707,267015
20130224:0807,351695
20130224:0907,404305
20130224:1007,426400
20130224:1107,415635
20130224:1207,375145
20130224:1307,308125
20130224:1407,213745
20130224:1507,102100
20130224:1607,0
20130224:1707,0
20130224:1807,0
20130224:1907,0
20130224:2007,0
20130224:2107,0
20130224:2207,0
20130224:2307,0
20130225:0007,0
20130225:0107,0
20130225:0207,0
20130225:0307,0
20130225:0407,0
20130225:0507,34775
20130225:0607,148785
20130225:0707,261045
20130225:0807,342615
20130225:0907,395250
20130225:1007,415535
20130225:1107,408125
20130225:1207,369955
20130225:1307,308465
20130225:1407,213420
20130225:1507,96035
20130225:1607,0
20130225:1707,0
20130225:1807,0
20130225:1907,0
20130225:2007,0
20130225:2107,0
20130225:2207,0
20130225:2307,0
20130226:0007,0
20130226:0107,0
20130226:0207,0
20130226:0307,0
20130226:0407,0
20130226:0507,42920
20130226:0607,161075
20130226:0707,270205
20130226:0807,347695
20130226:0907,394690
20130226:1007,410195
20130226:1107,396695
20130226:1207,357990
20130226:1307,298935
20130226:1407,211200
20130226:1507,94450
20130226:1607,0
20130226:1707,0
20130226:1807,0
20130226:1907,0
20130226:2007,0
20130226:2107,0
20130226:2207,0
20130226:2307,0
20130227:0007,0
20130227:0107,0
20130227:0207,0
20130227:0307,0
20130227:0407,0
20130227:0507,38660
20130227:0607,154675
20130227:0707,264425
20130227:0807,344020
20130227:0907,391740
20130227:1007,408110
20130227:1107,397795
20130227:1207,359760
20130227:1307,298845
20130227:1407,208205
20130227:1507,93540
20130227:1607,0
20130227:1707,0
20130227:1807,0
20130227:1907,0
20130227:2007,0
20130227:2107,0
20130227:2207,0
20130227:2307,0
20130228:0007,0
20130228:0107,0
20130228:0207,0
20130228:0307,0
20130228:0407,0
20130228:0507,38645
20130228:0607,158710
20130228:0707,268275
20130228:0807,346770
20130228:0907,397605
20130228:1007,416240
20130228:1107,407135
20130228:1207,363010
20130228:1307,299485
20130228:1407,211975
20130228:1507,94590
20130228:1607,0
20130228:1707,0
20130228:1807,0
20130228:1907,0
20130228:2007,0
20130228:2107,0
20130228:2207,0
20130228:2307,0
20130301:0007,0
20130301:0107,0
20130301:0207,0
20130301:0307,0
20130301:0407,0
20130301:0507,39415
20130301:0607,162580
20130301:0707,273560
20130301:0807,353725
20130301:0907,402830
20130301:1007,421670
20130301:1107,412680
20130301:1207,375790
20130301:1307,307535
20130301:1407,212685
20130301:1507,95855
20130301:1607,0
20130301:1707,0
20130301:1807,0
20130301:1907,0
20130301:2007,0
20130301:2107,0
20130301:2207,0
20130301:2307,0
20130302:0007,0
20130302:0107,0
20130302:0207,0
20130302:0307,0
20130302:0407,0
20130302:0507,38260
20130302:0607,161995
20130302:0707,270380
20130302:0807,351005
20130302:0907,397245
20130302:1007,415930
20130302:1107,407235
20130302:1207,373065
20130302:1307,304840
20130302:1407,210615
20130302:1507,94850
20130302:1607,0
20130302:1707,0
20130302:1807,0
20130302:1907,0
20130302:2007,0
20130302:2107,0
20130302:2207,0
20130302:2307,0
20130303:0007,0
20130303:0107,0
20130303:0207,0
20130303:0307,0
20130303:0407,0
20130303:0507,41915
20130303:0607,162125
20130303:0707,270315
20130303:0807,347175
20130303:0907,393115
20130303:1007,414320
20130303:1107,403410
20130303:1207,369510
20130303:1307,301450
20130303:1407,207740
20130303:1507,92080
20130303:1607,0
20130303:1707,0
20130303:1807,0
20130303:1907,0
20130303:2007,0
20130303:2107,0
20130303:2207,0
20130303:2307,0
20130304:0007,0
20130304:0107,0
20130304:0207,0
20130304:0307,0
20130304:0407,0
20130304:0507,37930
20130304:0607,156010
20130304:0707,264520
20130304:0807,342760
20130304:0907,389105
20130304:1007,410600
20130304:1107,402600
20130304:1207,367455
20130304:1307,300120
20130304:1407,208160
20130304:1507,93645
20130304:1607,0
20130304:1707,0
20130304:1807,0
20130304:1907,0
20130304:2007,0
20130304:2107,0
20130304:2207,0
20130304:2307,0
20130305:0007,0
20130305:0107,0
20130305:0207,0
20130305:0307,0
20130305:0407,0
20130305:0507,39800
20130305:0607,156720
20130305:0707,260880
20130305:0807,238250
20130305:0907,385725
20130305:1007,408985
20130305:1107,402645
20130305:1207,368735
20130305:1307,306790
20130305:1407,206135
20130305:1507,92055
20130305:1607,0
20130305:1707,0
20130305:1807,0
20130305:1907,0
20130305:2007,0
20130305:2107,0
20130305:2207,0
20130305:2307,0
20130306:0007,0
20130306:0107,0
20130306:0207,0
20130306:0307,0
20130306:0407,0
20130306:0507,42865
20130306:0607,160160
20130306:0707,272315
20130306:0807,352170
20130306:0907,394725
20130306:1007,418280
20130306:1107,414085
20130306:1207,373140
20130306:1307,308970
20130306:1407,208405
20130306:1507,89585
20130306:1607,0
20130306:1707,0
20130306:1807,0
20130306:1907,0
20130306:2007,0
20130306:2107,0
20130306:2207,0
20130306:2307,0
20130307:0007,0
20130307:0107,0
20130307:0207,0
20130307:0307,0
20130307:0407,0
20130307:0507,44215
20130307:0607,167475
20130307:0707,276075
20130307:0807,353645
20130307:0907,402620
20130307:1007,417895
20130307:1107,405310
20130307:1207,359580
20130307:1307,290715
20130307:1407,202620
20130307:1507,90125
20130307:1607,0
20130307:1707,0
20130307:1807,0
20130307:1907,0
20130307:2007,0
20130307:2107,0
20130307:2207,0
20130307:2307,0
20130308:0007,0
20130308:0107,0
20130308:0207,0
20130308:0307,0
20130308:0407,0
20130308:0507,47545
20130308:0607,169865
20130308:0707,275810
20130308:0807,348575
20130308:0907,391870
20130308:1007,411395
20130308:1107,399970
20130308:1207,358670
20130308:1307,294885
20130308:1407,204990
20130308:1507,93305
20130308:1607,0
20130308:1707,0
20130308:1807,0
20130308:1907,0
20130308:2007,0
20130308:2107,0
20130308:2207,0
20130308:2307,0
20130309:0007,0
20130309:0107,0
20130309:0207,0
20130309:0307,0
20130309:0407,0
20130309:0507,48330
20130309:0607,155850
20130309:0707,285380
20130309:0807,347715
20130309:0907,399140
20130309:1007,416100
20130309:1107,402890
20130309:1207,358850
20130309:1307,291670
20130309:1407,193475
20130309:1507,88565
20130309:1607,0
20130309:1707,0
20130309:1807,0
20130309:1907,0
20130309:2007,0
20130309:2107,0
20130309:2207,0
20130309:2307,0
20130310:0007,0
20130310:0107,0
20130310:0207,0
20130310:0307,0
20130310:0407,0
20130310:0507,45100
20130310:0607,172140
20130310:0707,289430
20130310:0807,351905
20130310:0907,405315
20130310:1007,419425
20130310:1107,412435
20130310:1207,368615
20130310:1307,299340
20130310:1407,205060
20130310:1507,92095
20130310:1607,0
20130310:1707,0
20130310:1807,0
20130310:1907,0
20130310:2007,0
20130310:2107,0
20130310:2207,0
20130310:2307,0
20130311:0007,0
20130311:0107,0
20130311:0207,0
20130311:0307,0
20130311:0407,0
20130311:0507,48515
20130311:0607,168050
20130311:0707,262965
20130311:0807,349520
20130311:0907,408410
20130311:1007,413435
20130311:1107,408540
20130311:1207,356415
20130311:1307,290880
20130311:1407,194720
20130311:1507,85855
20130311:1607,0
20130311:1707,0
20130311:1807,0
20130311:1907,0
20130311:2007,0
20130311:2107,0
20130311:2207,0
20130311:2307,0
20130312:0007,0
20130312:0107,0
20130312:0207,0
20130312:0307,0
20130312:0407,0
20130312:0507,50030
20130312:0607,170930
20130312:0707,274620
20130312:0807,350135
20130312:0907,394795
20130312:1007,408640
20130312:1107,397485
20130312:1207,355150
20130312:1307,291995
20130312:1407,206085
20130312:1507,90885
20130312:1607,0
20130312:1707,0
20130312:1807,0
20130312:1907,0
20130312:2007,0
20130312:2107,0
20130312:2207,0
20130312:2307,0
20130313:0007,0
20130313:0107,0
20130313:0207,0
20130313:0307,0
20130313:0407,0
20130313:0507,29820
20130313:0607,80800
20130313:0707,267070
20130313:0807,347630
20130313:0907,393420
20130313:1007,407485
20130313:1107,398980
20130313:1207,355415
20130313:1307,296800
20130313:1407,205180
20130313:1507,91040
20130313:1607,0
20130313:1707,0
20130313:1807,0
20130313:1907,0
20130313:2007,0
20130313:2107,0
20130313:2207,0
20130313:2307,0
20130314:0007,0
20130314:0107,0
20130314:0207,0
20130314:0307,0
20130314:0407,0
20130314:0507,49865
20130314:0607,172660
20130314:0707,261370
20130314:0807,319070
20130314:0907,373715
20130314:1007,404425
20130314:1107,388430
20130314:1207,346625
20130314:1307,290795
20130314:1407,199465
20130314:1507,71855
20130314:1607,0
20130314:1707,0
20130314:1807,0
20130314:1907,0
20130314:2007,0
20130314:2107,0
20130314:2207,0
20130314:2307,0
20130315:0007,0
20130315:0107,0
20130315:0207,0
20130315:0307,0
20130315:0407,0
20130315:0507,23810
20130315:0607,51830
20130315:0707,263800
20130315:0807,351095
20130315:0907,382390
20130315:1007,398230
20130315:1107,388770
20130315:1207,330635
20130315:1307,276240
20130315:1407,141795
20130315:1507,78150
20130315:1607,0
20130315:1707,0
20130315:1807,0
20130315:1907,0
20130315:2007,0
20130315:2107,0
20130315:2207,0
20130315:2307,0
20130316:0007,0
20130316:0107,0
20130316:0207,0
20130316:0307,0
20130316:0407,0
20130316:0507,50880
20130316:0607,168855
20130316:0707,270720
20130316:0807,345805
20130316:0907,387260
20130316:1007,403655
20130316:1107,394090
20130316:1207,353045
20130316:1307,290810
20130316:1407,200835
20130316:1507,88130
20130316:1607,0
20130316:1707,0
20130316:1807,0
20130316:1907,0
20130316:2007,0
20130316:2107,0
20130316:2207,0
20130316:2307,0
20130317:0007,0
20130317:0107,0
20130317:0207,0
20130317:0307,0
20130317:0407,0
20130317:0507,44195
20130317:0607,156090
20130317:0707,260165
20130317:0807,340685
20130317:0907,391300
20130317:1007,411140
20130317:1107,403200
20130317:1207,365235
20130317:1307,283645
20130317:1407,185230
20130317:1507,88385
20130317:1607,0
20130317:1707,0
20130317:1807,0
20130317:1907,0
20130317:2007,0
20130317:2107,0
20130317:2207,0
20130317:2307,0
20130318:0007,0
20130318:0107,0
20130318:0207,0
20130318:0307,0
20130318:0407,0
20130318:0507,49140
20130318:0607,171670
20130318:0707,281355
20130318:0807,360675
20130318:0907,411045
20130318:1007,426475
20130318:1107,412710
20130318:1207,371305
20130318:1307,305345
20130318:1407,204385
20130318:1507,89175
20130318:1607,0
20130318:1707,0
20130318:1807,0
20130318:1907,0
20130318:2007,0
20130318:2107,0
20130318:2207,0
20130318:2307,0
20130319:0007,0
20130319:0107,0
20130319:0207,0
20130319:0307,0
20130319:0407,0
20130319:0507,55595
20130319:0607,177765
20130319:0707,280205
20130319:0807,355455
20130319:0907,398020
20130319:1007,412345
20130319:1107,399605
20130319:1207,350585
20130319:1307,288160
20130319:1407,198225
20130319:1507,86230
20130319:1607,0
20130319:1707,0
20130319:1807,0
20130319:1907,0
20130319:2007,0
20130319:2107,0
20130319:2207,0
20130319:2307,0
20130320:0007,0
20130320:0107,0
20130320:0207,0
20130320:0307,0
20130320:0407,0
20130320:0507,56885
20130320:0607,178100
20130320:0707,281560
20130320:0807,354525
20130320:0907,398495
20130320:1007,412865
20130320:1107,399590
20130320:1207,350340
20130320:1307,287455
20130320:1407,197130
20130320:1507,85905
20130320:1607,0
20130320:1707,0
20130320:1807,0
20130320:1907,0
20130320:2007,0
20130320:2107,0
20130320:2207,0
20130320:2307,0
20130321:0007,0
20130321:0107,0
20130321:0207,0
20130321:0307,0
20130321:0407,0
20130321:0507,57470
20130321:0607,180080
20130321:0707,281320
20130321:0807,354890
20130321:0907,397940
20130321:1007,410600
20130321:1107,396070
20130321:1207,344510
20130321:1307,282560
20130321:1407,192735
20130321:1507,86860
20130321:1607,0
20130321:1707,0
20130321:1807,0
20130321:1907,0
20130321:2007,0
20130321:2107,0
20130321:2207,0
20130321:2307,0
20130322:0007,0
20130322:0107,0
20130322:0207,0
20130322:0307,0
20130322:0407,0
20130322:0507,57885
20130322:0607,177240
20130322:0707,277100
20130322:0807,347340
20130322:0907,386905
20130322:1007,402725
20130322:1107,367370
20130322:1207,341295
20130322:1307,276165
20130322:1407,191760
20130322:1507,87320
20130322:1607,0
20130322:1707,0
20130322:1807,0
20130322:1907,0
20130322:2007,0
20130322:2107,0
20130322:2207,0
20130322:2307,0
20130323:0007,0
20130323:0107,0
20130323:0207,0
20130323:0307,0
20130323:0407,0
20130323:0507,29955
20130323:0607,103905
20130323:0707,210865
20130323:0807,298840
20130323:0907,356980
20130323:1007,392730
20130323:1107,388645
20130323:1207,355040
20130323:1307,288840
20130323:1407,193790
20130323:1507,81505
20130323:1607,0
20130323:1707,0
20130323:1807,0
20130323:1907,0
20130323:2007,0
20130323:2107,0
20130323:2207,0
20130323:2307,0
20130324:0007,0
20130324:0107,0
20130324:0207,0
20130324:0307,0
20130324:0407,0
20130324:0507,53710
20130324:0607,168625
20130324:0707,271705
20130324:0807,349455
20130324:0907,394190
20130324:1007,411560
20130324:1107,396745
20130324:1207,351955
20130324:1307,289705
20130324:1407,194290
20130324:1507,68290
20130324:1607,0
20130324:1707,0
20130324:1807,0
20130324:1907,0
20130324:2007,0
20130324:2107,0
20130324:2207,0
20130324:2307,0
20130325:0007,0
20130325:0107,0
20130325:0207,0
20130325:0307,0
20130325:0407,0
20130325:0507,55100
20130325:0607,170970
20130411:0507,66995
20130411:0607,179485
20130411:0707,275995
20130411:0807,344325
20130411:0907,387225
20130411:1007,398305
20130411:1107,378950
20130411:1207,332500
20130411:1307,268280
20130411:1407,177875
20130411:1507,72015
20130411:1607,510
20130411:1707,0
20130411:1807,0
20130411:1907,0
20130411:2007,0
20130411:2107,0
20130411:2207,0
20130411:2307,0
20130412:0007,0
20130412:0107,0
20130412:0207,0
20130412:0307,0
20130412:0407,0
20130412:0507,67415
20130412:0607,181880
20130412:0707,278630
20130412:0807,348215
20130412:0907,390400
20130412:1007,402290
20130412:1107,384920
20130412:1207,339775
20130412:1307,272055
20130412:1407,181490
20130412:1507,72405
20130412:1607,720
20130412:1707,0
20130412:1807,0
20130412:1907,0
20130412:2007,0
20130412:2107,0
20130412:2207,0
20130412:2307,0
20130413:0007,0
20130413:0107,0
20130413:0207,0
20130413:0307,0
20130413:0407,0
20130413:0507,66660
20130413:0607,179455
20130413:0707,277665
20130413:0807,346180
20130413:0907,393115
20130413:1007,403990
20130413:1107,387655
20130413:1207,341185
20130413:1307,271360
20130413:1407,178640
20130413:1507,70380
20130413:1607,515
20130413:1707,0
20130413:1807,0
20130413:1907,0
20130413:2007,0
20130413:2107,0
20130413:2207,0
20130413:2307,0
20130414:0007,0
20130414:0107,0
20130414:0207,0
20130414:0307,0
20130414:0407,0
20130414:0507,68625
20130414:0607,181995
20130414:0707,280875
20130414:0807,347020
20130414:0907,388695
20130414:1007,400650
20130414:1107,383460
20130414:1207,337375
20130414:1307,265840
20130414:1407,176545
20130414:1507,55465
20130414:1607,725
20130414:1707,0
20130414:1807,0
20130414:1907,0
20130414:2007,0
20130414:2107,0
20130414:2207,0
20130414:2307,0
20130415:0007,0
20130415:0107,0
20130415:0207,0
20130415:0307,0
20130415:0407,0
20130415:0507,68160
20130415:0607,181480
20130415:0707,278315
20130415:0807,345660
20130415:0907,385070
20130415:1007,394810
20130415:1107,378385
20130415:1207,334855
20130415:1307,267435
20130415:1407,176665
20130415:1507,70485
20130415:1607,935
20130415:1707,0
20130415:1807,0
20130415:1907,0
20130415:2007,0
20130415:2107,0
20130415:2207,0
20130415:2307,0
20130416:0007,0
20130416:0107,0
20130416:0207,0
20130416:0307,0
20130416:0407,0
20130416:0507,68550
20130416:0607,182010
20130416:0707,277925
20130416:0807,345110
20130416:0907,384675
20130416:1007,397400
20130416:1107,380150
20130416:1207,337050
20130416:1307,271290
20130416:1407,177705
20130416:1507,70160
20130416:1607,930
20130416:1707,0
20130416:1807,0
20130416:1907,0
20130416:2007,0
20130416:2107,0
20130416:2207,0
20130416:2307,0
20130417:0007,0
20130417:0107,0
20130417:0207,0
20130417:0307,0
20130417:0407,560
20130417:0507,68505
20130417:0607,180430
20130417:0707,275590
20130417:0807,343295
20130417:0907,385650
20130417:1007,394015
20130417:1107,378080
20130417:1207,334535
20130417:1307,266000
20130417:1407,174570
20130417:1507,71370
20130417:1607,1385
20130417:1707,0
20130417:1807,0
20130417:1907,0
20130417:2007,0
20130417:2107,0
20130417:2207,0
20130417:2307,0
20130418:0007,0
20130418:0107,0
20130418:0207,0
20130418:0307,0
20130418:0407,1000
20130418:0507,68285
20130418:0607,178525
20130418:0707,275285
20130418:0807,353185
20130418:0907,383245
20130418:1007,395680
20130418:1107,379470
20130418:1207,337330
20130418:1307,273265
20130418:1407,178175
20130418:1507,68965
20130418:1607,930
20130418:1707,0
20130418:1807,0
20130418:1907,0
20130418:2007,0
20130418:2107,0
20130418:2207,0
20130418:2307,0
20130419:0007,0
20130419:0107,0
20130419:0207,0
20130419:0307,0
20130419:0407,0
20130419:0507,67480
20130419:0607,178245
20130419:0707,274200
20130419:0807,341400
20130419:0907,385220
20130419:1007,395415
20130419:1107,378850
20130419:1207,335155
20130419:1307,277610
20130419:1407,169545
20130419:1507,70140
20130419:1607,1145
20130419:1707,0
20130419:1807,0
20130419:1907,0
20130419:2007,0
20130419:2107,0
20130419:2207,0
20130419:2307,0
20130420:0007,0
20130420:0107,0
20130420:0207,0
20130420:0307,0
20130420:0407,1220
20130420:0507,68095
20130420:0607,176515
20130420:0707,271200
20130420:0807,339580
20130420:0907,382080
20130420:1007,392640
20130420:1107,378480
20130420:1207,334535
20130420:1307,248730
20130420:1407,55685
20130420:1507,64080
20130420:1607,915
20130420:1707,0
20130420:1807,0
20130420:1907,0
20130420:2007,0
20130420:2107,0
20130420:2207,0
20130420:2307,0
20130421:0007,0
20130421:0107,0
20130421:0207,0
20130421:0307,0
20130421:0407,0
20130421:0507,48200
20130421:0607,107000
20130421:0707,268560
20130421:0807,327670
20130421:0907,362605
20130421:1007,364585
20130421:1107,359740
20130421:1207,331775
20130421:1307,261330
20130421:1407,141215
20130421:1507,59545
20130421:1607,1370
20130421:1707,0
20130421:1807,0
20130421:1907,0
20130421:2007,0
20130421:2107,0
20130421:2207,0
20130421:2307,0
20130422:0007,0
20130422:0107,0
20130422:0207,0
20130422:0307,0
20130422:0407,0
20130422:0507,62310
20130422:0607,174250
20130422:0707,268155
20130422:0807,348615
20130422:0907,372340
20130422:1007,386720
20130422:1107,369210
20130422:1207,329895
20130422:1307,266430
20130422:1407,174430
20130422:1507,67140
20130422:1607,1375
20130422:1707,0
20130422:1807,0
20130422:1907,0
20130422:2007,0
20130422:2107,0
20130422:2207,0
20130422:2307,0
20130423:0007,0
20130423:0107,0
20130423:0207,0
20130423:0307,0
20130423:0407,2245
20130423:0507,65265
20130423:0607,175150
20130423:0707,269395
20130423:0807,336085
20130423:0907,375295
20130423:1007,389615
20130423:1107,373780
20130423:1207,333975
20130423:1307,264455
20130423:1407,173005
20130423:1507,66790
20130423:1607,1140
20130423:1707,0
20130423:1807,0
20130423:1907,0
20130423:2007,0
20130423:2107,0
20130423:2207,0
20130423:2307,0
20130424:0007,0
20130424:0107,0
20130424:0207,0
20130424:0307,0
20130424:0407,2230
20130424:0507,68045
20130424:0607,174405
20130424:0707,268735
20130424:0807,337020
20130424:0907,374785
20130424:1007,389155
20130424:1107,373765
20130424:1207,335520
20130424:1307,264990
20130424:1407,171875
20130424:1507,66125
20130424:1607,1130
20130424:1707,0
20130424:1807,0
20130424:1907,0
20130424:2007,0
20130424:2107,0
20130424:2207,0
20130424:2307,0
20130425:0007,0
20130425:0107,0
20130425:0207,0
20130425:0307,0
20130425:0407,3040
20130425:0507,69115
20130425:0607,176705
20130425:0707,270830
20130425:0807,336910
20130425:0907,377850
20130425:1007,388150
20130425:1107,373975
20130425:1207,333570
20130425:1307,266215
20130425:1407,170035
20130425:1507,65165
20130425:1607,1365
20130425:1707,0
20130425:1807,0
20130425:1907,0
20130425:2007,0
20130425:2107,0
20130425:2207,0
20130425:2307,0
20130426:0007,0
20130426:0107,0
20130426:0207,0
20130426:0307,0
20130426:0407,3055
20130426:0507,69550
20130426:0607,176085
20130426:0707,267745
20130426:0807,331985
20130426:0907,375255
20130426:1007,384435
20130426:1107,367860
20130426:1207,327825
20130426:1307,261595
20130426:1407,168755
20130426:1507,64690
20130426:1607,1605
20130426:1707,0
20130426:1807,0
20130426:1907,0
20130426:2007,0
20130426:2107,0
20130426:2207,0
20130426:2307,0
20130427:0007,0
20130427:0107,0
20130427:0207,0
20130427:0307,0
20130427:0407,3620
20130427:0507,68600
20130427:0607,173260
20130427:0707,263745
20130427:0807,328095
20130427:0907,369425
20130427:1007,378270
20130427:1107,363895
20130427:1207,326060
20130427:1307,259045
20130427:1407,169335
20130427:1507,64640
20130427:1607,1595
20130427:1707,0
20130427:1807,0
20130427:1907,0
20130427:2007,0
20130427:2107,0
20130427:2207,0
20130427:2307,0
20130428:0007,0
20130428:0107,0
20130428:0207,0
20130428:0307,0
20130428:0407,3605
20130428:0507,68770
20130428:0607,173990
20130428:0707,265380
20130428:0807,330645
20130428:0907,370210
20130428:1007,380880
20130428:1107,366115
20130428:1207,327375
20130428:1307,259360
20130428:1407,168385
20130428:1507,63940
20130428:1607,1350
20130428:1707,0
20130428:1807,0
20130428:1907,0
20130428:2007,0
20130428:2107,0
20130428:2207,0
20130428:2307,0
20130429:0007,0
20130429:0107,0
20130429:0207,0
20130429:0307,0
20130429:0407,4175
20130429:0507,69005
20130429:0607,171645
20130429:0707,251665
20130429:0807,326150
20130429:0907,361370
20130429:1007,374015
20130429:1107,363300
20130429:1207,325270
20130429:1307,257965
20130429:1407,167325
20130429:1507,63635
20130429:1607,1580
20130429:1707,0
20130429:1807,0
20130429:1907,0
20130429:2007,0
20130429:2107,0
20130429:2207,0
20130429:2307,0
20130430:0007,0
20130430:0107,0
20130430:0207,0
20130430:0307,0
20130430:0407,3890
20130430:0507,68770
20130430:0607,169200
20130430:0707,255465
20130430:0807,317040
20130430:0907,355260
20130430:1007,366735
20130430:1107,357685
20130430:1207,323025
20130430:1307,254900
20130430:1407,166245
20130430:1507,62460
20130430:1607,1835
20130430:1707,0
20130430:1807,0
20130430:1907,0
20130430:2007,0
20130430:2107,0
20130430:2207,0
20130430:2307,0
20130501:0007,0
20130501:0107,0
20130501:0207,0
20130501:0307,0
20130501:0407,2490
20130501:0507,67420
20130501:0607,167155
20130501:0707,254095
20130501:0807,317630
20130501:0907,355195
20130501:1007,360590
20130501:1107,339005
20130501:1207,293895
20130501:1307,236130
20130501:1407,154440
20130501:1507,60390
20130501:1607,1810
20130501:1707,0
20130501:1807,0
20130501:1907,0
20130501:2007,0
20130501:2107,0
20130501:2207,0
20130501:2307,0
20130502:0007,0
20130502:0107,0
20130502:0207,0
20130502:0307,0
20130502:0407,3050
20130502:0507,43285
20130502:0607,166175
20130502:0707,255090
20130502:0807,313305
20130502:0907,346320
20130502:1007,361275
20130502:1107,338675
20130502:1207,296800
20130502:1307,240245
20130502:1407,155360
20130502:1507,60450
20130502:1607,1840
20130502:1707,0
20130502:1807,0
20130502:1907,0
20130502:2007,0
20130502:2107,0
20130502:2207,0
20130502:2307,0
20130503:0007,0
20130503:0107,0
20130503:0207,0
20130503:0307,0
20130503:0407,3645
20130503:0507,68355
20130503:0607,168450
20130503:0707,252390
20130503:0807,310765
20130503:0907,347995
20130503:1007,353855
20130503:1107,338745
20130503:1207,296515
20130503:1307,238685
20130503:1407,154655
20130503:1507,60480
20130503:1607,1835
20130503:1707,0
20130503:1807,0
20130503:1907,0
20130503:2007,0
20130503:2107,0
20130503:2207,0
20130503:2307,0
20130504:0007,0
20130504:0107,0
20130504:0207,0
20130504:0307,0
20130504:0407,3960
20130504:0507,69075
20130504:0607,169780
20130504:0707,254385
20130504:0807,311245
20130504:0907,341945
20130504:1007,349490
20130504:1107,329505
20130504:1207,288830
20130504:1307,234545
20130504:1407,152910
20130504:1507,60330
20130504:1607,2080
20130504:1707,0
20130504:1807,0
20130504:1907,0
20130504:2007,0
20130504:2107,0
20130504:2207,0
20130504:2307,0
20130505:0007,0
20130505:0107,0
20130505:0207,0
20130505:0307,0
20130505:0407,4270
20130505:0507,69370
20130505:0607,170125
20130505:0707,255460
20130505:0807,314735
20130505:0907,349585
20130505:1007,354960
20130505:1107,334515
20130505:1207,288385
20130505:1307,231730
20130505:1407,149635
20130505:1507,59015
20130505:1607,2085
20130505:1707,0
20130505:1807,0
20130505:1907,0
20130505:2007,0
20130505:2107,0
20130505:2207,0
20130505:2307,0
20130506:0007,0
20130506:0107,0
20130506:0207,0
20130506:0307,0
20130506:0407,4845
20130506:0507,68660
20130506:0607,168155
20130506:0707,250750
20130506:0807,299470
20130506:0907,333670
20130506:1007,341545
20130506:1107,324970
20130506:1207,285730
20130506:1307,230665
20130506:1407,150240
20130506:1507,59140
20130506:1607,2315
20130506:1707,0
20130506:1807,0
20130506:1907,0
20130506:2007,0
20130506:2107,0
20130506:2207,0
20130506:2307,0
20130507:0007,0
20130507:0107,0
20130507:0207,0
20130507:0307,0
20130507:0407,4520
20130507:0507,68005
20130507:0607,166380
20130507:0707,250005
20130507:0807,303860
20130507:0907,335310
20130507:1007,344310
20130507:1107,325315
20130507:1207,286015
20130507:1307,231635
20130507:1407,150220
20130507:1507,59430
20130507:1607,2065
20130507:1707,0
20130507:1807,0
20130507:1907,0
20130507:2007,0
20130507:2107,0
20130507:2207,0
20130507:2307,0
20130508:0007,0
20130508:0107,0
20130508:0207,0
20130508:0307,0
20130508:0407,5140
20130508:0507,68180
20130508:0607,166330
20130508:0707,250845
20130508:0807,307995
20130508:0907,345295
20130508:1007,350815
20130508:1107,331470
20130508:1207,289630
20130508:1307,234320
20130508:1407,151490
20130508:1507,59160
20130508:1607,2340
20130508:1707,0
20130508:1807,0
20130508:1907,0
20130508:2007,0
20130508:2107,0
20130508:2207,0
20130508:2307,0
20130509:0007,0
20130509:0107,0
20130509:0207,0
20130509:0307,0
20130509:0407,2730
20130509:0507,68585
20130509:0607,164620
20130509:0707,239135
20130509:0807,236300
20130509:0907,252445
20130509:1007,319195
20130509:1107,262925
20130509:1207,215075
20130509:1307,89270
20130509:1407,136080
20130509:1507,55280
20130509:1607,0
20130509:1707,0
20130509:1807,0
20130509:1907,0
20130509:2007,0
20130509:2107,0
20130509:2207,0
20130509:2307,0
20130510:0007,0
20130510:0107,0
20130510:0207,0
20130510:0307,0
20130510:0407,4700
20130510:0507,67430
20130510:0607,166880
20130510:0707,252980
20130510:0807,308340
20130510:0907,342610
20130510:1007,342410
20130510:1107,313720
20130510:1207,269390
20130510:1307,39245
20130510:1407,72185
20130510:1507,47480
20130510:1607,695
20130510:1707,0
20130510:1807,0
20130510:1907,0
20130510:2007,0
20130510:2107,0
20130510:2207,0
20130510:2307,0
20130511:0007,0
20130511:0107,0
20130511:0207,0
20130511:0307,0
20130511:0407,4720
20130511:0507,67705
20130511:0607,171030
20130511:0707,252655
20130511:0807,311515
20130511:0907,350760
20130511:1007,329320
20130511:1107,124690
20130511:1207,272960
20130511:1307,200730
20130511:1407,107370
20130511:1507,3495
20130511:1607,2870
20130511:1707,0
20130511:1807,0
20130511:1907,0
20130511:2007,0
20130511:2107,0
20130511:2207,0
20130511:2307,0
20130512:0007,0
20130512:0107,0
20130512:0207,0
20130512:0307,0
20130512:0407,6615
20130512:0507,36230
20130512:0607,146775
20130512:0707,180315
20130512:0807,301835
20130512:0907,155380
20130512:1007,345015
20130512:1107,350705
20130512:1207,277445
20130512:1307,19995
20130512:1407,68795
20130512:1507,47680
20130512:1607,2850
20130512:1707,0
20130512:1807,0
20130512:1907,0
20130512:2007,0
20130512:2107,0
20130512:2207,0
20130512:2307,0
20130513:0007,0
20130513:0107,0
20130513:0207,0
20130513:0307,0
20130513:0407,5665
20130513:0507,64585
20130513:0607,162820
20130513:0707,238580
20130513:0807,305590
20130513:0907,348410
20130513:1007,359005
20130513:1107,328095
20130513:1207,315700
20130513:1307,228690
20130513:1407,110885
20130513:1507,55800
20130513:1607,0
20130513:1707,0
20130513:1807,0
20130513:1907,0
20130513:2007,0
20130513:2107,0
20130513:2207,0
20130513:2307,0
20130514:0007,0
20130514:0107,0
20130514:0207,0
20130514:0307,0
20130514:0407,5380
20130514:0507,67110
20130514:0607,164175
20130514:0707,249540
20130514:0807,309790
20130514:0907,349065
20130514:1007,356800
20130514:1107,341335
20130514:1207,299535
20130514:1307,237345
20130514:1407,151895
20130514:1507,58395
20130514:1607,2850
20130514:1707,0
20130514:1807,0
20130514:1907,0
20130514:2007,0
20130514:2107,0
20130514:2207,0
20130514:2307,0
20130515:0007,0
20130515:0107,0
20130515:0207,0
20130515:0307,0
20130515:0407,4735
20130515:0507,59580
20130515:0607,147290
20130515:0707,235850
20130515:0807,296270
20130515:0907,335940
20130515:1007,351905
20130515:1107,343030
20130515:1207,265050
20130515:1307,168900
20130515:1407,122665
20130515:1507,55775
20130515:1607,2820
20130515:1707,0
20130515:1807,0
20130515:1907,0
20130515:2007,0
20130515:2107,0
20130515:2207,0
20130515:2307,0
20130516:0007,0
20130516:0107,0
20130516:0207,0
20130516:0307,0
20130516:0407,5955
20130516:0507,65840
20130516:0607,158715
20130516:0707,241715
20130516:0807,301855
20130516:0907,345510
20130516:1007,356850
20130516:1107,341830
20130516:1207,301130
20130516:1307,238010
20130516:1407,153070
20130516:1507,57910
20130516:1607,3105
20130516:1707,0
20130516:1807,0
20130516:1907,0
20130516:2007,0
20130516:2107,0
20130516:2207,0
20130516:2307,0
20130517:0007,0
20130517:0107,0
20130517:0207,0
20130517:0307,0
20130517:0407,6320
20130517:0507,67145
20130517:0607,164210
20130517:0707,249820
20130517:0807,309725
20130517:0907,346560
20130517:1007,355330
20130517:1107,336390
20130517:1207,295715
20130517:1307,233415
20130517:1407,149575
20130517:1507,57960
20130517:1607,3385
20130517:1707,0
20130517:1807,0
20130517:1907,0
20130517:2007,0
20130517:2107,0
20130517:2207,0
20130517:2307,0
20130518:0007,0
20130518:0107,0
20130518:0207,0
20130518:0307,0
20130518:0407,6315
20130518:0507,67055
20130518:0607,163790
20130518:0707,248690
20130518:0807,306395
20130518:0907,343495
20130518:1007,352400
20130518:1107,332110
20130518:1207,292485
20130518:1307,232645
20130518:1407,150465
20130518:1507,57725
20130518:1607,3665
20130518:1707,0
20130518:1807,0
20130518:1907,0
20130518:2007,0
20130518:2107,0
20130518:2207,0
20130518:2307,0
20130519:0007,0
20130519:0107,0
20130519:0207,0
20130519:0307,0
20130519:0407,6660
20130519:0507,67135
20130519:0607,164315
20130519:0707,247690
20130519:0807,306785
20130519:0907,342435
20130519:1007,349870
20130519:1107,333355
20130519:1207,289430
20130519:1307,231690
20130519:1407,149235
20130519:1507,57595
20130519:1607,3650
20130519:1707,0
20130519:1807,0
20130519:1907,0
20130519:2007,0
20130519:2107,0
20130519:2207,0
20130519:2307,0
20130520:0007,0
20130520:0107,0
20130520:0207,0
20130520:0307,0
20130520:0407,6680
20130520:0507,66195
20130520:0607,157850
20130520:0707,233600
20130520:0807,288150
20130520:0907,321480
20130520:1007,329505
20130520:1107,317540
20130520:1207,281310
20130520:1307,226655
20130520:1407,146795
20130520:1507,57505
20130520:1607,3935
20130520:1707,0
20130520:1807,0
20130520:1907,0
20130520:2007,0
20130520:2107,0
20130520:2207,0
20130520:2307,0
20130521:0007,0
20130521:0107,0
20130521:0207,0
20130521:0307,0
20130521:0407,7665
20130521:0507,66810
20130521:0607,165305
20130521:0707,251870
20130521:0807,320530
20130521:0907,315065
20130521:1007,323035
20130521:1107,282445
20130521:1207,289030
20130521:1307,240635
20130521:1407,147710
20130521:1507,41795
20130521:1607,4245
20130521:1707,0
20130521:1807,0
20130521:1907,0
20130521:2007,0
20130521:2107,0
20130521:2207,0
20130521:2307,0
20130522:0007,0
20130522:0107,0
20130522:0207,0
20130522:0307,0
20130522:0407,6350
20130522:0507,65920
20130522:0607,160030
20130522:0707,244675
20130522:0807,301905
20130522:0907,337145
20130522:1007,345765
20130522:1107,329400
20130522:1207,288025
20130522:1307,229010
20130522:1407,148710
20130522:1507,58105
20130522:1607,4255
20130522:1707,0
20130522:1807,0
20130522:1907,0
20130522:2007,0
20130522:2107,0
20130522:2207,0
20130522:2307,0
20130523:0007,0
20130523:0107,0
20130523:0207,0
20130523:0307,0
20130523:0407,7060
20130523:0507,65880
20130523:0607,154625
20130523:0707,240380
20130523:0807,289915
20130523:0907,311600
20130523:1007,330535
20130523:1107,317600
20130523:1207,280960
20130523:1307,225565
20130523:1407,151045
20130523:1507,34060
20130523:1607,3660
20130523:1707,0
20130523:1807,0
20130523:1907,0
20130523:2007,0
20130523:2107,0
20130523:2207,0
20130523:2307,0
20130524:0007,0
20130524:0107,0
20130524:0207,0
20130524:0307,0
20130524:0407,7295
20130524:0507,65705
20130524:0607,166160
20130524:0707,245335
20130524:0807,303480
20130524:0907,343295
20130524:1007,349405
20130524:1107,328385
20130524:1207,284475
20130524:1307,215255
20130524:1407,138500
20130524:1507,33755
20130524:1607,2320
20130524:1707,0
20130524:1807,0
20130524:1907,0
20130524:2007,0
20130524:2107,0
20130524:2207,0
20130524:2307,0
20130525:0007,0
20130525:0107,0
20130525:0207,0
20130525:0307,0
20130525:0407,6910
20130525:0507,65370
20130525:0607,161275
20130525:0707,245485
20130525:0807,301995
20130525:0907,340675
20130525:1007,346405
20130525:1107,330190
20130525:1207,291605
20130525:1307,231625
20130525:1407,119640
20130525:1507,55390
20130525:1607,675
20130525:1707,0
20130525:1807,0
20130525:1907,0
20130525:2007,0
20130525:2107,0
20130525:2207,0
20130525:2307,0
20130526:0007,0
20130526:0107,0
20130526:0207,0
20130526:0307,0
20130526:0407,0
20130526:0507,64535
20130526:0607,126865
20130526:0707,249920
20130526:0807,291570
20130526:0907,281845
20130526:1007,344155
20130526:1107,328825
20130526:1207,290750
20130526:1307,233725
20130526:1407,149470
20130526:1507,57800
20130526:1607,4770
20130526:1707,0
20130526:1807,0
20130526:1907,0
20130526:2007,0
20130526:2107,0
20130526:2207,0
20130526:2307,0
20130527:0007,0
20130527:0107,0
20130527:0207,0
20130527:0307,0
20130527:0407,730
20130527:0507,62545
20130527:0607,139990
20130527:0707,203355
20130527:0807,273600
20130527:0907,307760
20130527:1007,336045
20130527:1107,309290
20130527:1207,203020
20130527:1307,221730
20130527:1407,51490
20130527:1507,6405
20130527:1607,0
20130527:1707,0
20130527:1807,0
20130527:1907,0
20130527:2007,0
20130527:2107,0
20130527:2207,0
20130527:2307,0
20130528:0007,0
20130528:0107,0
20130528:0207,0
20130528:0307,0
20130528:0407,1410
20130528:0507,59335
20130528:0607,131935
20130528:0707,218030
20130528:0807,281865
20130528:0907,319100
20130528:1007,333935
20130528:1107,326825
20130528:1207,267660
20130528:1307,215625
20130528:1407,129765
20130528:1507,54630
20130528:1607,5055
20130528:1707,0
20130528:1807,0
20130528:1907,0
20130528:2007,0
20130528:2107,0
20130528:2207,0
20130528:2307,0
20130529:0007,0
20130529:0107,0
20130529:0207,0
20130529:0307,0
20130529:0407,5385
20130529:0507,61180
20130529:0607,145930
20130529:0707,226825
20130529:0807,289755
20130529:0907,333185
20130529:1007,344415
20130529:1107,332450
20130529:1207,295230
20130529:1307,235400
20130529:1407,149485
20130529:1507,58020
20130529:1607,5105
20130529:1707,0
20130529:1807,0
20130529:1907,0
20130529:2007,0
20130529:2107,0
20130529:2207,0
20130529:2307,0
20130530:0007,0
20130530:0107,0
20130530:0207,0
20130530:0307,0
20130530:0407,7005
20130530:0507,64220
20130530:0607,157360
20130530:0707,239050
20130530:0807,291280
20130530:0907,320600
20130530:1007,334635
20130530:1107,324705
20130530:1207,290810
20130530:1307,232615
20130530:1407,149075
20130530:1507,57955
20130530:1607,5035
20130530:1707,0
20130530:1807,0
20130530:1907,0
20130530:2007,0
20130530:2107,0
20130530:2207,0
20130530:2307,0
20130531:0007,0
20130531:0107,0
20130531:0207,0
20130531:0307,0
20130531:0407,7340
20130531:0507,64185
20130531:0607,159930
20130531:0707,246240
20130531:0807,302225
20130531:0907,337405
20130531:1007,344500
20130531:1107,323285
20130531:1207,281075
20130531:1307,228795
20130531:1407,148275
20130531:1507,57820
20130531:1607,5335
20130531:1707,0
20130531:1807,0
20130531:1907,0
20130531:2007,0
20130531:2107,0
20130531:2207,0
20130531:2307,0
20130601:0007,0
20130601:0107,0
20130601:0207,0
20130601:0307,0
20130601:0407,5345
20130601:0507,61965
20130601:0607,146150
20130601:0707,230685
20130601:0807,289050
20130601:0907,229630
20130601:1007,326465
20130601:1107,315340
20130601:1207,273910
20130601:1307,215285
20130601:1407,122665
20130601:1507,57000
20130601:1607,4185
20130601:1707,0
20130601:1807,0
20130601:1907,0
20130601:2007,0
20130601:2107,0
20130601:2207,0
20130601:2307,0
20130602:0007,0
20130602:0107,0
20130602:0207,0
20130602:0307,0
20130602:0407,0
20130602:0507,12100
20130602:0607,142020
20130602:0707,239435
20130602:0807,286345
20130602:0907,220270
20130602:1007,296820
20130602:1107,319820
20130602:1207,263525
20130602:1307,208055
20130602:1407,137060
20130602:1507,56595
20130602:1607,4205
20130602:1707,0
20130602:1807,0
20130602:1907,0
20130602:2007,0
20130602:2107,0
20130602:2207,0
20130602:2307,0
20130603:0007,0
20130603:0107,0
20130603:0207,0
20130603:0307,0
20130603:0407,5945
20130603:0507,61035
20130603:0607,144975
20130603:0707,228715
20130603:0807,285155
20130603:0907,225940
20130603:1007,319880
20130603:1107,309015
20130603:1207,275950
20130603:1307,130590
20130603:1407,101475
20130603:1507,54915
20130603:1607,4480
20130603:1707,0
20130603:1807,0
20130603:1907,0
20130603:2007,0
20130603:2107,0
20130603:2207,0
20130603:2307,0
20130604:0007,0
20130604:0107,0
20130604:0207,0
20130604:0307,0
20130604:0407,2980
20130604:0507,55345
20130604:0607,141095
20130604:0707,221965
20130604:0807,283650
20130604:0907,225735
20130604:1007,322170
20130604:1107,312465
20130604:1207,270330
20130604:1307,218735
20130604:1407,139630
20130604:1507,56875
20130604:1607,4470
20130604:1707,0
20130604:1807,0
20130604:1907,0
20130604:2007,0
20130604:2107,0
20130604:2207,0
20130604:2307,0
20130605:0007,0
20130605:0107,0
20130605:0207,0
20130605:0307,0
20130605:0407,4730
20130605:0507,60195
20130605:0607,140985
20130605:0707,228045
20130605:0807,285720
20130605:0907,228065
20130605:1007,325470
20130605:1107,311495
20130605:1207,272585
20130605:1307,138320
20130605:1407,146635
20130605:1507,3705
20130605:1607,2300
20130605:1707,0
20130605:1807,0
20130605:1907,0
20130605:2007,0
20130605:2107,0
20130605:2207,0
20130605:2307,0
20130606:0007,0
20130606:0107,0
20130606:0207,0
20130606:0307,0
20130606:0407,4750
20130606:0507,53955
20130606:0607,127005
20130606:0707,210620
20130606:0807,277160
20130606:0907,213335
20130606:1007,321060
20130606:1107,314290
20130606:1207,278905
20130606:1307,221895
20130606:1407,140615
20130606:1507,57490
20130606:1607,4805
20130606:1707,0
20130606:1807,0
20130606:1907,0
20130606:2007,0
20130606:2107,0
20130606:2207,0
20130606:2307,0
20130607:0007,0
20130607:0107,0
20130607:0207,0
20130607:0307,0
20130607:0407,4430
20130607:0507,58185
20130607:0607,135850
20130607:0707,219595
20130607:0807,274495
20130607:0907,221285
20130607:1007,314610
20130607:1107,306485
20130607:1207,271890
20130607:1307,219445
20130607:1407,139045
20130607:1507,57065
20130607:1607,4790
20130607:1707,0
20130607:1807,0
20130607:1907,0
20130607:2007,0
20130607:2107,0
20130607:2207,0
20130607:2307,0
20130608:0007,0
20130608:0107,0
20130608:0207,0
20130608:0307,0
20130608:0407,3855
20130608:0507,57030
20130608:0607,130170
20130608:0707,211145
20130608:0807,271640
20130608:0907,221160
20130608:1007,316975
20130608:1107,310640
20130608:1207,272715
20130608:1307,215480
20130608:1407,135795
20130608:1507,56945
20130608:1607,5080
20130608:1707,0
20130608:1807,0
20130608:1907,0
20130608:2007,0
20130608:2107,0
20130608:2207,0
20130608:2307,0
20130609:0007,0
20130609:0107,0
20130609:0207,0
20130609:0307,0
20130609:0407,5080
20130609:0507,59680
20130609:0607,141175
20130609:0707,222445
20130609:0807,278325
20130609:0907,224500
20130609:1007,319485
20130609:1107,311860
20130609:1207,278945
20130609:1307,222485
20130609:1407,141485
20130609:1507,58490
20130609:1607,5365
20130609:1707,0
20130609:1807,0
20130609:1907,0
20130609:2007,0
20130609:2107,0
20130609:2207,0
20130609:2307,0
20130610:0007,0
20130610:0107,0
20130610:0207,0
20130610:0307,0
20130610:0407,2205
20130610:0507,59325
20130610:0607,141975
20130610:0707,225575
20130610:0807,282720
20130610:0907,224185
20130610:1007,321285
20130610:1107,313570
20130610:1207,277975
20130610:1307,220850
20130610:1407,142240
20130610:1507,58485
20130610:1607,5065
20130610:1707,0
20130610:1807,0
20130610:1907,0
20130610:2007,0
20130610:2107,0
20130610:2207,0
20130610:2307,0
20130611:0007,0
20130611:0107,0
20130611:0207,0
20130611:0307,0
20130611:0407,3590
20130611:0507,56265
20130611:0607,130705
20130611:0707,214575
20130611:0807,276015
20130611:0907,315265
20130611:1007,340715
20130611:1107,311060
20130611:1207,277810
20130611:1307,222480
20130611:1407,141695
20130611:1507,59050
20130611:1607,4815
20130611:1707,0
20130611:1807,0
20130611:1907,0
20130611:2007,0
20130611:2107,0
20130611:2207,0
20130611:2307,0
20130612:0007,0
20130612:0107,0
20130612:0207,0
20130612:0307,0
20130612:0407,4490
20130612:0507,58930
20130612:0607,137305
20130612:0707,221395
20130612:0807,277785
20130612:0907,225630
20130612:1007,321115
20130612:1107,311085
20130612:1207,273045
20130612:1307,212065
20130612:1407,129670
20130612:1507,51950
20130612:1607,125
20130612:1707,0
20130612:1807,0
20130612:1907,0
20130612:2007,0
20130612:2107,0
20130612:2207,0
20130612:2307,0
20130613:0007,0
20130613:0107,0
20130613:0207,0
20130613:0307,0
20130613:0407,5065
20130613:0507,59070
20130613:0607,143625
20130613:0707,230665
20130613:0807,290575
20130613:0907,324115
20130613:1007,299870
20130613:1107,262915
20130613:1207,276730
20130613:1307,223920
20130613:1407,136520
20130613:1507,24870
20130613:1607,2620
20130613:1707,0
20130613:1807,0
20130613:1907,0
20130613:2007,0
20130613:2107,0
20130613:2207,0
20130613:2307,0
20130614:0007,0
20130614:0107,0
20130614:0207,0
20130614:0307,0
20130614:0407,155
20130614:0507,59250
20130614:0607,145225
20130614:0707,230625
20130614:0807,289275
20130614:0907,233015
20130614:1007,327775
20130614:1107,317655
20130614:1207,278865
20130614:1307,225175
20130614:1407,144635
20130614:1507,60270
